efa_fy,school_name,city,efa_enrollment,total_enrollment,efa_pct_of_total,source_file
34,Abundant Life Christian Academy,Sherwood,114,329,33%,2023_2024_EFA_Report_OSCPE.pdf
34,Academy of Excellence,Eureka Springs,7,36,19%,2023_2024_EFA_Report_OSCPE.pdf
34,Access Academy,Little Rock,106,113,94%,2023_2024_EFA_Report_OSCPE.pdf
34,Agape Academy,Little Rock,14,18,78%,2023_2024_EFA_Report_OSCPE.pdf
34,Anthem Classical Academy,Fayetteville,25,78,32%,2023_2024_EFA_Report_OSCPE.pdf
34,Arkansas Christian Academy,Bryant,116,321,36%,2023_2024_EFA_Report_OSCPE.pdf
34,Arrows Academy,Paragould,22,30,73%,2023_2024_EFA_Report_OSCPE.pdf
34,Avilla Christian Academy,Alexander,17,25,68%,2023_2024_EFA_Report_OSCPE.pdf
34,Baptist Preparatory School,Little Rock,198,509,39%,2023_2024_EFA_Report_OSCPE.pdf
34,Baseline Bilingual School,Little Rock,6,50,12%,2023_2024_EFA_Report_OSCPE.pdf
34,Bentonville Christian Academy,Bentonville,27,81,33%,2023_2024_EFA_Report_OSCPE.pdf
34,Blessed Sacrament Catholic School,Jonesboro,26,137,19%,2023_2024_EFA_Report_OSCPE.pdf
34,Cabot Christian School,Cabot,5,12,42%,2023_2024_EFA_Report_OSCPE.pdf
34,Calvary Academy,North Little Rock,134,382,35%,2023_2024_EFA_Report_OSCPE.pdf
34,Calvary Christian School,Forrest City,18,54,33%,2023_2024_EFA_Report_OSCPE.pdf
34,Catholic High School For Boys,Little Rock,106,708,15%,2023_2024_EFA_Report_OSCPE.pdf
34,Central Arkansas Christian School (All Campuses),,252,792,32%,2023_2024_EFA_Report_OSCPE.pdf
34,Central Arkansas Montessori,Little Rock,36,39,92%,2023_2024_EFA_Report_OSCPE.pdf
34,Christ Lutheran,Little Rock,52,124,42%,2023_2024_EFA_Report_OSCPE.pdf
34,Christ the King School,Fort Smith,64,181,35%,2023_2024_EFA_Report_OSCPE.pdf
34,Christ the King School,Little Rock,197,594,33%,2023_2024_EFA_Report_OSCPE.pdf
34,Clear Spring School,Eureka Springs,5,61,8%,2023_2024_EFA_Report_OSCPE.pdf
34,Clover Community School,Bentonville,10,13,77%,2023_2024_EFA_Report_OSCPE.pdf
34,Columbia Christian School,Magnolia,38,216,18%,2023_2024_EFA_Report_OSCPE.pdf
34,Community Christian School,Siloam Springs,2,26,8%,2023_2024_EFA_Report_OSCPE.pdf
34,Compass Academy,Conway,112,121,93%,2023_2024_EFA_Report_OSCPE.pdf
34,Cornerstone Christian Academy,Tillar,79,150,53%,2023_2024_EFA_Report_OSCPE.pdf
34,Cornerstone Montessori Christian Academy,Bryant,4,5,80%,2023_2024_EFA_Report_OSCPE.pdf
34,CrossPointe Preparatory School,Searcy,18,115,16%,2023_2024_EFA_Report_OSCPE.pdf
34,Easterseals Arkansas – The Academy at Riverdale,Little Rock,75,75,100%,2023_2024_EFA_Report_OSCPE.pdf
34,Eighty-Twenty Learning for ASD,Jonesboro,20,23,87%,2023_2024_EFA_Report_OSCPE.pdf
34,Episcopal Collegiate School,Little Rock,194,812,24%,2023_2024_EFA_Report_OSCPE.pdf
34,Fayetteville Christian School,Fayetteville,37,136,27%,2023_2024_EFA_Report_OSCPE.pdf
34,Fayetteville Nature School,Fayetteville,11,32,34%,2023_2024_EFA_Report_OSCPE.pdf
34,First Academy,"Rogers, AR",40,217,18%,2023_2024_EFA_Report_OSCPE.pdf
34,First Lutheran School,Fort Smith,55,105,52%,2023_2024_EFA_Report_OSCPE.pdf
34,Friendship Lab School for Dyslexia,Little Rock,39,39,100%,2023_2024_EFA_Report_OSCPE.pdf
34,Ft. Smith Montessori,Fort Smith,18,78,23%,2023_2024_EFA_Report_OSCPE.pdf
34,Harding Academy,Searcy,106,628,17%,2023_2024_EFA_Report_OSCPE.pdf
34,Harvest Time Christian Academy,Fort Smith,31,100,31%,2023_2024_EFA_Report_OSCPE.pdf
34,Holy Rosary Catholic School,Stuttgart,9,53,17%,2023_2024_EFA_Report_OSCPE.pdf
34,Immaculate Conception Catholic School,North Little Rock,149,323,46%,2023_2024_EFA_Report_OSCPE.pdf
34,Immaculate Conception School,Fort Smith,72,221,33%,2023_2024_EFA_Report_OSCPE.pdf
34,Immaculate Heart of Mary School,North Little Rock,26,101,26%,2023_2024_EFA_Report_OSCPE.pdf
34,Jacksonville Christian Academy,Jacksonville,20,142,14%,2023_2024_EFA_Report_OSCPE.pdf
34,Joshua Academy,Van Buren,33,38,87%,2023_2024_EFA_Report_OSCPE.pdf
34,Julian and Jaxon Academy,Little Rock,3,3,100%,2023_2024_EFA_Report_OSCPE.pdf
34,Leap Frog Montessori,Siloam Springs,13,21,62%,2023_2024_EFA_Report_OSCPE.pdf
34,Legacy Academy,DeQueen,33,138,24%,2023_2024_EFA_Report_OSCPE.pdf
34,Legacy Academy,Lockesburg,7,150,5%,2023_2024_EFA_Report_OSCPE.pdf
34,Liberty Christian School,Searcy,13,55,24%,2023_2024_EFA_Report_OSCPE.pdf
34,Life Way Christian School,Centerton,114,601,19%,2023_2024_EFA_Report_OSCPE.pdf
34,Little Rock Christian Academy,Little Rock,360,1665,22%,2023_2024_EFA_Report_OSCPE.pdf
34,Madonna Learning Center,"Germantown, Tennessee",1,97,1%,2023_2024_EFA_Report_OSCPE.pdf
34,Maranatha Baptist Christian,Eldorado,10,47,21%,2023_2024_EFA_Report_OSCPE.pdf
34,Mount St. Mary Academy,Little Rock,81,477,17%,2023_2024_EFA_Report_OSCPE.pdf
34,Mtn. Home Christian Academy,Mountain Home,17,200,8%,2023_2024_EFA_Report_OSCPE.pdf
34,New Life Christian Academy,North Little Rock,40,189,21%,2023_2024_EFA_Report_OSCPE.pdf
34,North Little Rock Catholic Academy,North Little Rock,45,160,28%,2023_2024_EFA_Report_OSCPE.pdf
34,North River Christian Academy,North Little Rock,35,55,64%,2023_2024_EFA_Report_OSCPE.pdf
34,Our Lady of Fatima Catholic School,Benton,24,78,31%,2023_2024_EFA_Report_OSCPE.pdf
34,Our Lady of Holy Souls,Little Rock,157,448,35%,2023_2024_EFA_Report_OSCPE.pdf
34,Ozark Catholic Academy,Springdale,16,116,14%,2023_2024_EFA_Report_OSCPE.pdf
34,Pinnacle Classical Academy,Little Rock,17,60,28%,2023_2024_EFA_Report_OSCPE.pdf
34,Prism Education Center,Fayetteville,22,165,13%,2023_2024_EFA_Report_OSCPE.pdf
34,Providence Classical Christian,Rogers,86,578,15%,2023_2024_EFA_Report_OSCPE.pdf
34,Pulaski Academy,Little Rock,211,1218,17%,2023_2024_EFA_Report_OSCPE.pdf
34,Russellville Baptist Academy,Russellville,8,50,16%,2023_2024_EFA_Report_OSCPE.pdf
34,Sacred Heart Catholic,Morrilton,81,230,35%,2023_2024_EFA_Report_OSCPE.pdf
34,Sherwood Christian Academy,Sherwood,13,13,100%,2023_2024_EFA_Report_OSCPE.pdf
34,Shiloh Christian School,Springdale,233,1480,16%,2023_2024_EFA_Report_OSCPE.pdf
34,Shiloh Excel Christian School,Little Rock,11,11,100%,2023_2024_EFA_Report_OSCPE.pdf
34,Southwest Christian Academy,Little Rock,72,176,41%,2023_2024_EFA_Report_OSCPE.pdf
34,St. John'S Catholic School,Russellville,19,63,30%,2023_2024_EFA_Report_OSCPE.pdf
34,St. John's Catholic School,Hot Springs,18,119,15%,2023_2024_EFA_Report_OSCPE.pdf
34,St. Joseph Catholic School,Paris,14,46,30%,2023_2024_EFA_Report_OSCPE.pdf
34,St. Joseph Catholic School,Conway,116,446,26%,2023_2024_EFA_Report_OSCPE.pdf
34,St. Joseph Catholic School,Fayetteville,121,357,43%,2023_2024_EFA_Report_OSCPE.pdf
34,St. Michael's Catholic School,West Memphis,6,38,65%,2023_2024_EFA_Report_OSCPE.pdf
34,St. Paul Catholic School,Pocahontas,34,105,32%,2023_2024_EFA_Report_OSCPE.pdf
34,St. Theresa Catholic School,Little Rock,40,184,22%,2023_2024_EFA_Report_OSCPE.pdf
34,St. Vincent De Paul Catholic,Rogers,100,399,25%,2023_2024_EFA_Report_OSCPE.pdf
34,Subiaco Academy,"Subiaco, Arkansas",13,147,8%,2023_2024_EFA_Report_OSCPE.pdf
34,The Academy of The Learning Center,Jonesboro,25,24,100%,2023_2024_EFA_Report_OSCPE.pdf
34,The Anthony School,Little Rock,92,325,28%,2023_2024_EFA_Report_OSCPE.pdf
34,The Decker School,Maumelle,14,50,28%,2023_2024_EFA_Report_OSCPE.pdf
34,The Grace School,Fayetteville,15,21,71%,2023_2024_EFA_Report_OSCPE.pdf
34,The Hill School,Fayetteville,8,75,11%,2023_2024_EFA_Report_OSCPE.pdf
34,The Huda Academy,Little Rock,19,202,9%,2023_2024_EFA_Report_OSCPE.pdf
34,The Lighthouse Homeschool Cooperative,Jonesboro,58,61,95%,2023_2024_EFA_Report_OSCPE.pdf
34,Trinity Catholic Junior High School,Fort Smith,36,211,17%,2023_2024_EFA_Report_OSCPE.pdf
34,Trinity Christian School,Texarkana,40,179,22%,2023_2024_EFA_Report_OSCPE.pdf
34,Union Christian Academy,Fort Smith,94,284,33%,2023_2024_EFA_Report_OSCPE.pdf
34,Valley Christian Academy,Russellville,23,124,19%,2023_2024_EFA_Report_OSCPE.pdf
34,Victory Christian School,Camden,14,78,18%,2023_2024_EFA_Report_OSCPE.pdf
34,West Memphis Christian School,West Memphis,73,243,30%,2023_2024_EFA_Report_OSCPE.pdf
34,West Side Christian School,El Dorado,88,203,42%,2023_2024_EFA_Report_OSCPE.pdf
35,Abundant Life Christian Academy,,236,375,63%,2024-25_Arkansas_Education_Freedom_Accounts_Program_Annual_Report_100125_OSCPE.pdf
35,Academy of Excellence,,26,40,65%,2024-25_Arkansas_Education_Freedom_Accounts_Program_Annual_Report_100125_OSCPE.pdf
35,ACCESS Schools,,115,378,30%,2024-25_Arkansas_Education_Freedom_Accounts_Program_Annual_Report_100125_OSCPE.pdf
35,Agape Academy,,19,36,53%,2024-25_Arkansas_Education_Freedom_Accounts_Program_Annual_Report_100125_OSCPE.pdf
35,Ambassador Baptist Academy,,13,35,37%,2024-25_Arkansas_Education_Freedom_Accounts_Program_Annual_Report_100125_OSCPE.pdf
35,ANH Montessori School,,19,46,41%,2024-25_Arkansas_Education_Freedom_Accounts_Program_Annual_Report_100125_OSCPE.pdf
35,Anthem Classical Academy,,69,111,62%,2024-25_Arkansas_Education_Freedom_Accounts_Program_Annual_Report_100125_OSCPE.pdf
35,Apostolic Christian Academy,Magnolia,2,11,18%,2024-25_Arkansas_Education_Freedom_Accounts_Program_Annual_Report_100125_OSCPE.pdf
35,Arkansas Christian Academy,,165,365,45%,2024-25_Arkansas_Education_Freedom_Accounts_Program_Annual_Report_100125_OSCPE.pdf
35,Arrows Academy,,18,26,69%,2024-25_Arkansas_Education_Freedom_Accounts_Program_Annual_Report_100125_OSCPE.pdf
35,Baptist Prep,,312,700,45%,2024-25_Arkansas_Education_Freedom_Accounts_Program_Annual_Report_100125_OSCPE.pdf
35,Baseline Bilingual Elementary School,,8,25,32%,2024-25_Arkansas_Education_Freedom_Accounts_Program_Annual_Report_100125_OSCPE.pdf
35,Batesville Montessori School,,5,10,50%,2024-25_Arkansas_Education_Freedom_Accounts_Program_Annual_Report_100125_OSCPE.pdf
35,Bentonville Christian Academy,,65,119,55%,2024-25_Arkansas_Education_Freedom_Accounts_Program_Annual_Report_100125_OSCPE.pdf
35,Blessed Sacrament Catholic School,,52,137,38%,2024-25_Arkansas_Education_Freedom_Accounts_Program_Annual_Report_100125_OSCPE.pdf
35,Cabot Christian School,,14,20,70%,2024-25_Arkansas_Education_Freedom_Accounts_Program_Annual_Report_100125_OSCPE.pdf
35,Calvary Academy,,181,429,42%,2024-25_Arkansas_Education_Freedom_Accounts_Program_Annual_Report_100125_OSCPE.pdf
35,Calvary Christian Academy,Berryville,21,50,42%,2024-25_Arkansas_Education_Freedom_Accounts_Program_Annual_Report_100125_OSCPE.pdf
35,Calvary Christian Academy,Hot Springs,11,41,27%,2024-25_Arkansas_Education_Freedom_Accounts_Program_Annual_Report_100125_OSCPE.pdf
35,Calvary Christian School,,52,65,80%,2024-25_Arkansas_Education_Freedom_Accounts_Program_Annual_Report_100125_OSCPE.pdf
35,Catholic High School,,227,714,32%,2024-25_Arkansas_Education_Freedom_Accounts_Program_Annual_Report_100125_OSCPE.pdf
35,Central Arkansas Christian (CAC),,427,850,50%,2024-25_Arkansas_Education_Freedom_Accounts_Program_Annual_Report_100125_OSCPE.pdf
35,Central Arkansas Montessori,North Little Rock,70,70,100%,2024-25_Arkansas_Education_Freedom_Accounts_Program_Annual_Report_100125_OSCPE.pdf
35,Central Christian Academy,,4,75,5%,2024-25_Arkansas_Education_Freedom_Accounts_Program_Annual_Report_100125_OSCPE.pdf
35,Chenal Valley Montessori School,,3,15,20%,2024-25_Arkansas_Education_Freedom_Accounts_Program_Annual_Report_100125_OSCPE.pdf
35,Christ Lutheran,Little Rock,82,125,66%,2024-25_Arkansas_Education_Freedom_Accounts_Program_Annual_Report_100125_OSCPE.pdf
35,Christ the King Catholic School,Ft. Smith,115,205,56%,2024-25_Arkansas_Education_Freedom_Accounts_Program_Annual_Report_100125_OSCPE.pdf
35,Christ the King School,Little Rock,275,546,50%,2024-25_Arkansas_Education_Freedom_Accounts_Program_Annual_Report_100125_OSCPE.pdf
35,Clear Spring School,,17,65,26%,2024-25_Arkansas_Education_Freedom_Accounts_Program_Annual_Report_100125_OSCPE.pdf
35,Clover Community School,,15,18,83%,2024-25_Arkansas_Education_Freedom_Accounts_Program_Annual_Report_100125_OSCPE.pdf
35,Columbia Christian School,,152,275,55%,2024-25_Arkansas_Education_Freedom_Accounts_Program_Annual_Report_100125_OSCPE.pdf
35,Community Christian School,,19,28,68%,2024-25_Arkansas_Education_Freedom_Accounts_Program_Annual_Report_100125_OSCPE.pdf
35,Compass Academy,,105,140,75%,2024-25_Arkansas_Education_Freedom_Accounts_Program_Annual_Report_100125_OSCPE.pdf
35,Conway Christian School,,290,580,50%,2024-25_Arkansas_Education_Freedom_Accounts_Program_Annual_Report_100125_OSCPE.pdf
35,Cornerstone Christian Academy - Tillar,,109,175,62%,2024-25_Arkansas_Education_Freedom_Accounts_Program_Annual_Report_100125_OSCPE.pdf
35,Cornerstone Montessori Christian Academy,,12,32,38%,2024-25_Arkansas_Education_Freedom_Accounts_Program_Annual_Report_100125_OSCPE.pdf
35,Crestline Academy,,6,30,20%,2024-25_Arkansas_Education_Freedom_Accounts_Program_Annual_Report_100125_OSCPE.pdf
35,CrossPointe Preparatory,,57,130,44%,2024-25_Arkansas_Education_Freedom_Accounts_Program_Annual_Report_100125_OSCPE.pdf
35,Easterseals Academy,,77,78,99%,2024-25_Arkansas_Education_Freedom_Accounts_Program_Annual_Report_100125_OSCPE.pdf
35,"Eighty-Twenty Learning for ASD, LLC",,23,25,92%,2024-25_Arkansas_Education_Freedom_Accounts_Program_Annual_Report_100125_OSCPE.pdf
35,Episcopal Collegiate School,,311,770,40%,2024-25_Arkansas_Education_Freedom_Accounts_Program_Annual_Report_100125_OSCPE.pdf
35,Fayetteville Christian School,,70,150,47%,2024-25_Arkansas_Education_Freedom_Accounts_Program_Annual_Report_100125_OSCPE.pdf
35,Fayetteville Nature School,,21,32,66%,2024-25_Arkansas_Education_Freedom_Accounts_Program_Annual_Report_100125_OSCPE.pdf
35,Fe Viva Christian School,,10,38,26%,2024-25_Arkansas_Education_Freedom_Accounts_Program_Annual_Report_100125_OSCPE.pdf
35,First Academy,,100,150,67%,2024-25_Arkansas_Education_Freedom_Accounts_Program_Annual_Report_100125_OSCPE.pdf
35,First Lutheran School,Benton,19,20,95%,2024-25_Arkansas_Education_Freedom_Accounts_Program_Annual_Report_100125_OSCPE.pdf
35,First Lutheran School,Fort Smith,43,75,57%,2024-25_Arkansas_Education_Freedom_Accounts_Program_Annual_Report_100125_OSCPE.pdf
35,Fort Smith Montessori School,,33,35,94%,2024-25_Arkansas_Education_Freedom_Accounts_Program_Annual_Report_100125_OSCPE.pdf
35,Friendship Lab School for Dyslexia,,23,89,26%,2024-25_Arkansas_Education_Freedom_Accounts_Program_Annual_Report_100125_OSCPE.pdf
35,FUTURES High School,,1,100,1%,2024-25_Arkansas_Education_Freedom_Accounts_Program_Annual_Report_100125_OSCPE.pdf
35,Garrett Memorial Christian School,,61,185,33%,2024-25_Arkansas_Education_Freedom_Accounts_Program_Annual_Report_100125_OSCPE.pdf
35,Gospel Light Christian School,,45,125,36%,2024-25_Arkansas_Education_Freedom_Accounts_Program_Annual_Report_100125_OSCPE.pdf
35,Grace Christian School,,15,45,33%,2024-25_Arkansas_Education_Freedom_Accounts_Program_Annual_Report_100125_OSCPE.pdf
35,Harding Academy,,257,676,38%,2024-25_Arkansas_Education_Freedom_Accounts_Program_Annual_Report_100125_OSCPE.pdf
35,Harvest Time Academy,,82,100,82%,2024-25_Arkansas_Education_Freedom_Accounts_Program_Annual_Report_100125_OSCPE.pdf
35,Heber Christian School,,19,30,63%,2024-25_Arkansas_Education_Freedom_Accounts_Program_Annual_Report_100125_OSCPE.pdf
35,Holy Rosary Catholic School,,23,75,31%,2024-25_Arkansas_Education_Freedom_Accounts_Program_Annual_Report_100125_OSCPE.pdf
35,Immaculate Conception Catholic School,,224,336,67%,2024-25_Arkansas_Education_Freedom_Accounts_Program_Annual_Report_100125_OSCPE.pdf
35,Immaculate Conception School,Fort Smith,121,230,53%,2024-25_Arkansas_Education_Freedom_Accounts_Program_Annual_Report_100125_OSCPE.pdf
35,Immaculate Heart of Mary School,,52,110,47%,2024-25_Arkansas_Education_Freedom_Accounts_Program_Annual_Report_100125_OSCPE.pdf
35,Jacksonville Christian Academy,,89,142,63%,2024-25_Arkansas_Education_Freedom_Accounts_Program_Annual_Report_100125_OSCPE.pdf
35,Joshua Academy,,95,115,83%,2024-25_Arkansas_Education_Freedom_Accounts_Program_Annual_Report_100125_OSCPE.pdf
35,Leapfrog Montessori Forest School,,31,40,78%,2024-25_Arkansas_Education_Freedom_Accounts_Program_Annual_Report_100125_OSCPE.pdf
35,Legacy Academy,,35,150,23%,2024-25_Arkansas_Education_Freedom_Accounts_Program_Annual_Report_100125_OSCPE.pdf
35,Legacy Christian Academy,Mabelvale,16,32,50%,2024-25_Arkansas_Education_Freedom_Accounts_Program_Annual_Report_100125_OSCPE.pdf
35,Life Way Christian School,,227,525,43%,2024-25_Arkansas_Education_Freedom_Accounts_Program_Annual_Report_100125_OSCPE.pdf
35,Little Rock Christian Academy,,637,1572,41%,2024-25_Arkansas_Education_Freedom_Accounts_Program_Annual_Report_100125_OSCPE.pdf
35,Madonna Learning Center,,1,45,2%,2024-25_Arkansas_Education_Freedom_Accounts_Program_Annual_Report_100125_OSCPE.pdf
35,Maranatha Baptist Christian School,,14,50,28%,2024-25_Arkansas_Education_Freedom_Accounts_Program_Annual_Report_100125_OSCPE.pdf
35,Mount St. Mary Academy,,169,495,34%,2024-25_Arkansas_Education_Freedom_Accounts_Program_Annual_Report_100125_OSCPE.pdf
35,Mountain Home Christian Academy,,70,200,35%,2024-25_Arkansas_Education_Freedom_Accounts_Program_Annual_Report_100125_OSCPE.pdf
35,New Life Christian Academy,,123,220,56%,2024-25_Arkansas_Education_Freedom_Accounts_Program_Annual_Report_100125_OSCPE.pdf
35,North Little Rock Catholic Academy,,81,150,54%,2024-25_Arkansas_Education_Freedom_Accounts_Program_Annual_Report_100125_OSCPE.pdf
35,North River Christian Academy,,60,100,60%,2024-25_Arkansas_Education_Freedom_Accounts_Program_Annual_Report_100125_OSCPE.pdf
35,Oaks Christian Academy,,42,52,81%,2024-25_Arkansas_Education_Freedom_Accounts_Program_Annual_Report_100125_OSCPE.pdf
35,Our Lady of Fatima School,,32,90,36%,2024-25_Arkansas_Education_Freedom_Accounts_Program_Annual_Report_100125_OSCPE.pdf
35,Our Lady of the Holy Souls,,250,470,53%,2024-25_Arkansas_Education_Freedom_Accounts_Program_Annual_Report_100125_OSCPE.pdf
35,Ozark Catholic Academy,,26,112,23%,2024-25_Arkansas_Education_Freedom_Accounts_Program_Annual_Report_100125_OSCPE.pdf
35,Pinnacle Classical Academy,,44,75,59%,2024-25_Arkansas_Education_Freedom_Accounts_Program_Annual_Report_100125_OSCPE.pdf
35,PLUM St. Howard's Academy,,4,30,13%,2024-25_Arkansas_Education_Freedom_Accounts_Program_Annual_Report_100125_OSCPE.pdf
35,Prism North America,,21,50,42%,2024-25_Arkansas_Education_Freedom_Accounts_Program_Annual_Report_100125_OSCPE.pdf
35,Providence Classical Christian Academy,,224,600,37%,2024-25_Arkansas_Education_Freedom_Accounts_Program_Annual_Report_100125_OSCPE.pdf
35,Pulaski Academy,,383,1370,28%,2024-25_Arkansas_Education_Freedom_Accounts_Program_Annual_Report_100125_OSCPE.pdf
35,Ridgefield Christian School,Jonesboro,73,175,42%,2024-25_Arkansas_Education_Freedom_Accounts_Program_Annual_Report_100125_OSCPE.pdf
35,Room to Bloom,,3,12,25%,2024-25_Arkansas_Education_Freedom_Accounts_Program_Annual_Report_100125_OSCPE.pdf
35,Russellville Baptist Academy,,46,50,92%,2024-25_Arkansas_Education_Freedom_Accounts_Program_Annual_Report_100125_OSCPE.pdf
35,Sacred Heart School,,123,237,52%,2024-25_Arkansas_Education_Freedom_Accounts_Program_Annual_Report_100125_OSCPE.pdf
35,Saline County Christian School,,10,32,31%,2024-25_Arkansas_Education_Freedom_Accounts_Program_Annual_Report_100125_OSCPE.pdf
35,Searcy Christian Academy,,38,60,63%,2024-25_Arkansas_Education_Freedom_Accounts_Program_Annual_Report_100125_OSCPE.pdf
35,Sherwood Christian Academy,,16,45,36%,2024-25_Arkansas_Education_Freedom_Accounts_Program_Annual_Report_100125_OSCPE.pdf
35,Shiloh Christian School,,488,1520,32%,2024-25_Arkansas_Education_Freedom_Accounts_Program_Annual_Report_100125_OSCPE.pdf
35,Shiloh Excel Christian School,,7,13,54%,2024-25_Arkansas_Education_Freedom_Accounts_Program_Annual_Report_100125_OSCPE.pdf
35,South Arkansas Christian School,,21,50,42%,2024-25_Arkansas_Education_Freedom_Accounts_Program_Annual_Report_100125_OSCPE.pdf
35,Southwest Christian Academy,,113,200,57%,2024-25_Arkansas_Education_Freedom_Accounts_Program_Annual_Report_100125_OSCPE.pdf
35,St. John Catholic School,Russellville,38,70,54%,2024-25_Arkansas_Education_Freedom_Accounts_Program_Annual_Report_100125_OSCPE.pdf
35,St. John's Catholic School,Hot Springs,38,140,27%,2024-25_Arkansas_Education_Freedom_Accounts_Program_Annual_Report_100125_OSCPE.pdf
35,St. Joseph Catholic School,Conway,234,445,53%,2024-25_Arkansas_Education_Freedom_Accounts_Program_Annual_Report_100125_OSCPE.pdf
35,St. Joseph Catholic School,Fayetteville,168,415,40%,2024-25_Arkansas_Education_Freedom_Accounts_Program_Annual_Report_100125_OSCPE.pdf
35,St. Joseph School,Paris,24,48,50%,2024-25_Arkansas_Education_Freedom_Accounts_Program_Annual_Report_100125_OSCPE.pdf
35,St. Mary School,,16,30,53%,2024-25_Arkansas_Education_Freedom_Accounts_Program_Annual_Report_100125_OSCPE.pdf
35,St. Michael's Catholic School,,19,25,76%,2024-25_Arkansas_Education_Freedom_Accounts_Program_Annual_Report_100125_OSCPE.pdf
35,St. Paul Catholic School,,57,107,53%,2024-25_Arkansas_Education_Freedom_Accounts_Program_Annual_Report_100125_OSCPE.pdf
35,St. Theresa Catholic School,,102,220,46%,2024-25_Arkansas_Education_Freedom_Accounts_Program_Annual_Report_100125_OSCPE.pdf
35,St. Vincent de Paul Catholic School,,162,350,46%,2024-25_Arkansas_Education_Freedom_Accounts_Program_Annual_Report_100125_OSCPE.pdf
35,Subiaco Academy,,32,148,22%,2024-25_Arkansas_Education_Freedom_Accounts_Program_Annual_Report_100125_OSCPE.pdf
35,Thaden School,,72,359,20%,2024-25_Arkansas_Education_Freedom_Accounts_Program_Annual_Report_100125_OSCPE.pdf
35,The Academy of TLC,,31,35,89%,2024-25_Arkansas_Education_Freedom_Accounts_Program_Annual_Report_100125_OSCPE.pdf
35,The Anthony School,,153,341,45%,2024-25_Arkansas_Education_Freedom_Accounts_Program_Annual_Report_100125_OSCPE.pdf
35,The Decker School,,39,74,53%,2024-25_Arkansas_Education_Freedom_Accounts_Program_Annual_Report_100125_OSCPE.pdf
35,The Delta Institute for the Developing Brain,,43,100,43%,2024-25_Arkansas_Education_Freedom_Accounts_Program_Annual_Report_100125_OSCPE.pdf
35,The Divine Learning Academy,,18,20,90%,2024-25_Arkansas_Education_Freedom_Accounts_Program_Annual_Report_100125_OSCPE.pdf
35,The Grace School,,15,23,65%,2024-25_Arkansas_Education_Freedom_Accounts_Program_Annual_Report_100125_OSCPE.pdf
35,The Hill School,,31,75,41%,2024-25_Arkansas_Education_Freedom_Accounts_Program_Annual_Report_100125_OSCPE.pdf
35,The Huda Academy,,39,250,16%,2024-25_Arkansas_Education_Freedom_Accounts_Program_Annual_Report_100125_OSCPE.pdf
35,The New School,,96,460,21%,2024-25_Arkansas_Education_Freedom_Accounts_Program_Annual_Report_100125_OSCPE.pdf
35,Trinity Catholic School,,71,240,30%,2024-25_Arkansas_Education_Freedom_Accounts_Program_Annual_Report_100125_OSCPE.pdf
35,Trinity Christian School,Bradford,6,20,30%,2024-25_Arkansas_Education_Freedom_Accounts_Program_Annual_Report_100125_OSCPE.pdf
35,Trinity Christian School,Texarkana,71,200,36%,2024-25_Arkansas_Education_Freedom_Accounts_Program_Annual_Report_100125_OSCPE.pdf
35,Union Christian Academy,,212,375,57%,2024-25_Arkansas_Education_Freedom_Accounts_Program_Annual_Report_100125_OSCPE.pdf
35,Valley Christian School,,73,135,54%,2024-25_Arkansas_Education_Freedom_Accounts_Program_Annual_Report_100125_OSCPE.pdf
35,Victory Christian School,Camden,28,100,28%,2024-25_Arkansas_Education_Freedom_Accounts_Program_Annual_Report_100125_OSCPE.pdf
35,Walnut Farm Montessori School,,13,51,25%,2024-25_Arkansas_Education_Freedom_Accounts_Program_Annual_Report_100125_OSCPE.pdf
35,West Memphis Christian School,,176,375,47%,2024-25_Arkansas_Education_Freedom_Accounts_Program_Annual_Report_100125_OSCPE.pdf
35,West Side Christian School,,121,210,58%,2024-25_Arkansas_Education_Freedom_Accounts_Program_Annual_Report_100125_OSCPE.pdf
35,Wisdom and Truth Classical Academy,,4,12,33%,2024-25_Arkansas_Education_Freedom_Accounts_Program_Annual_Report_100125_OSCPE.pdf
35,World Harvest Baptist Academy,Russellville,2,12,17%,2024-25_Arkansas_Education_Freedom_Accounts_Program_Annual_Report_100125_OSCPE.pdf
