transition,cohort_school_year,report_source,row_type,school_name_as_printed,pct_continuing_program,pct_continuing_same_school,source_file
2023-24_to_2024-25,2023-24,2023-24_report,school,Abundant Life Christian Academy (Sherwood),97.4,93.9,2023_2024_EFA_Report_OSCPE.pdf
2023-24_to_2024-25,2023-24,2023-24_report,school,Academy of Excellence (Eureka Springs),85.7,85.7,2023_2024_EFA_Report_OSCPE.pdf
2023-24_to_2024-25,2023-24,2023-24_report,school,Access Academy (Little Rock),85.8,81.1,2023_2024_EFA_Report_OSCPE.pdf
2023-24_to_2024-25,2023-24,2023-24_report,school,Agape Academy (Little Rock),100.0,100.0,2023_2024_EFA_Report_OSCPE.pdf
2023-24_to_2024-25,2023-24,2023-24_report,school,Anthem Classical Academy (Fayetteville),100.0,100.0,2023_2024_EFA_Report_OSCPE.pdf
2023-24_to_2024-25,2023-24,2023-24_report,school,Arkansas Christian Academy (Bryant),86.2,83.6,2023_2024_EFA_Report_OSCPE.pdf
2023-24_to_2024-25,2023-24,2023-24_report,school,Arrows Academy (Paragould),68.2,54.5,2023_2024_EFA_Report_OSCPE.pdf
2023-24_to_2024-25,2023-24,2023-24_report,school,Avilla Christian Academy (Alexander),88.2,41.2,2023_2024_EFA_Report_OSCPE.pdf
2023-24_to_2024-25,2023-24,2023-24_report,school,Baptist Preparatory School (Little Rock),88.4,86.9,2023_2024_EFA_Report_OSCPE.pdf
2023-24_to_2024-25,2023-24,2023-24_report,school,Baseline Bilingual School ( Little Rock),100.0,100.0,2023_2024_EFA_Report_OSCPE.pdf
2023-24_to_2024-25,2023-24,2023-24_report,school,Bentonville Christian Academy (Bentonville),70.4,63.0,2023_2024_EFA_Report_OSCPE.pdf
2023-24_to_2024-25,2023-24,2023-24_report,school,Blessed Sacrament Catholic School (Jonesboro),80.8,80.8,2023_2024_EFA_Report_OSCPE.pdf
2023-24_to_2024-25,2023-24,2023-24_report,school,Cabot Christian School (Cabot),100.0,60.0,2023_2024_EFA_Report_OSCPE.pdf
2023-24_to_2024-25,2023-24,2023-24_report,school,Calvary Academy (North Little Rock),90.3,89.6,2023_2024_EFA_Report_OSCPE.pdf
2023-24_to_2024-25,2023-24,2023-24_report,school,Calvary Christian School (Forrest City),88.9,88.9,2023_2024_EFA_Report_OSCPE.pdf
2023-24_to_2024-25,2023-24,2023-24_report,school,Catholic High School For Boys (Little Rock),86.8,86.8,2023_2024_EFA_Report_OSCPE.pdf
2023-24_to_2024-25,2023-24,2023-24_report,school,Central Arkansas Christian School (All Campuses),90.9,90.1,2023_2024_EFA_Report_OSCPE.pdf
2023-24_to_2024-25,2023-24,2023-24_report,school,Central Arkansas Montessori (Little Rock),86.1,83.3,2023_2024_EFA_Report_OSCPE.pdf
2023-24_to_2024-25,2023-24,2023-24_report,school,Christ Lutheran (Little Rock) (Little Rock),73.1,59.6,2023_2024_EFA_Report_OSCPE.pdf
2023-24_to_2024-25,2023-24,2023-24_report,school,Christ the King School (Fort Smith),98.4,93.8,2023_2024_EFA_Report_OSCPE.pdf
2023-24_to_2024-25,2023-24,2023-24_report,school,Christ the King School (Little Rock),97.5,86.3,2023_2024_EFA_Report_OSCPE.pdf
2023-24_to_2024-25,2023-24,2023-24_report,school,Clear Spring School (Eureka Springs),60.0,60.0,2023_2024_EFA_Report_OSCPE.pdf
2023-24_to_2024-25,2023-24,2023-24_report,school,Clover Community School (Bentonville),80.0,80.0,2023_2024_EFA_Report_OSCPE.pdf
2023-24_to_2024-25,2023-24,2023-24_report,school,Columbia Christian School (Magnolia),92.1,92.1,2023_2024_EFA_Report_OSCPE.pdf
2023-24_to_2024-25,2023-24,2023-24_report,school,Community Christian School (Siloam Springs),100.0,100.0,2023_2024_EFA_Report_OSCPE.pdf
2023-24_to_2024-25,2023-24,2023-24_report,school,Compass Academy (Conway),85.7,80.4,2023_2024_EFA_Report_OSCPE.pdf
2023-24_to_2024-25,2023-24,2023-24_report,school,Cornerstone Christian Academy (Tillar),87.3,87.3,2023_2024_EFA_Report_OSCPE.pdf
2023-24_to_2024-25,2023-24,2023-24_report,school,Cornerstone Montessori Christian Academy (Bryant),100.0,100.0,2023_2024_EFA_Report_OSCPE.pdf
2023-24_to_2024-25,2023-24,2023-24_report,school,CrossPointe Preparatory School (Searcy),77.8,66.7,2023_2024_EFA_Report_OSCPE.pdf
2023-24_to_2024-25,2023-24,2023-24_report,school,Easterseals Arkansas – The Academy at Riverdale (Little Rock),78.7,76.0,2023_2024_EFA_Report_OSCPE.pdf
2023-24_to_2024-25,2023-24,2023-24_report,school,Eighty-Twenty Learning for ASD (Jonesboro),75.0,75.0,2023_2024_EFA_Report_OSCPE.pdf
2023-24_to_2024-25,2023-24,2023-24_report,school,Episcopal Collegiate School (Little Rock),95.4,94.8,2023_2024_EFA_Report_OSCPE.pdf
2023-24_to_2024-25,2023-24,2023-24_report,school,Fayetteville Christian School (Fayetteville),97.3,94.6,2023_2024_EFA_Report_OSCPE.pdf
2023-24_to_2024-25,2023-24,2023-24_report,school,Fayetteville Nature School (Fayetteville),90.9,81.8,2023_2024_EFA_Report_OSCPE.pdf
2023-24_to_2024-25,2023-24,2023-24_report,school,"First Academy (Rogers, AR)",95.0,90.0,2023_2024_EFA_Report_OSCPE.pdf
2023-24_to_2024-25,2023-24,2023-24_report,school,First Lutheran School (Fort Smith),63.6,49.1,2023_2024_EFA_Report_OSCPE.pdf
2023-24_to_2024-25,2023-24,2023-24_report,school,Friendship Lab School for Dyslexia (Little Rock),69.2,46.2,2023_2024_EFA_Report_OSCPE.pdf
2023-24_to_2024-25,2023-24,2023-24_report,school,Ft. Smith Montessori (Fort Smith ),94.4,38.9,2023_2024_EFA_Report_OSCPE.pdf
2023-24_to_2024-25,2023-24,2023-24_report,school,Harding Academy (Searcy),94.3,94.3,2023_2024_EFA_Report_OSCPE.pdf
2023-24_to_2024-25,2023-24,2023-24_report,school,Harvest Time Christian Academy (Fort Smith),93.5,90.3,2023_2024_EFA_Report_OSCPE.pdf
2023-24_to_2024-25,2023-24,2023-24_report,school,Holy Rosary Catholic School (Stuttgart),88.9,88.9,2023_2024_EFA_Report_OSCPE.pdf
2023-24_to_2024-25,2023-24,2023-24_report,school,Immaculate Conception Catholic School (North Little Rock),93.3,80.5,2023_2024_EFA_Report_OSCPE.pdf
2023-24_to_2024-25,2023-24,2023-24_report,school,Immaculate Conception School (Fort Smith),93.1,86.1,2023_2024_EFA_Report_OSCPE.pdf
2023-24_to_2024-25,2023-24,2023-24_report,school,Immaculate Heart of Mary School (North Little Rock),100.0,92.3,2023_2024_EFA_Report_OSCPE.pdf
2023-24_to_2024-25,2023-24,2023-24_report,school,Jacksonville Christian Academy (Jacksonville),85.0,85.0,2023_2024_EFA_Report_OSCPE.pdf
2023-24_to_2024-25,2023-24,2023-24_report,school,Joshua Academy (Van Buren ),87.9,87.9,2023_2024_EFA_Report_OSCPE.pdf
2023-24_to_2024-25,2023-24,2023-24_report,school,Julian and Jaxon Academy (Little Rock),0.0,0.0,2023_2024_EFA_Report_OSCPE.pdf
2023-24_to_2024-25,2023-24,2023-24_report,school,Leap Frog Montessori (Siloam Springs ),76.9,76.9,2023_2024_EFA_Report_OSCPE.pdf
2023-24_to_2024-25,2023-24,2023-24_report,school,Legacy Academy (DeQueen),90.9,0.0,2023_2024_EFA_Report_OSCPE.pdf
2023-24_to_2024-25,2023-24,2023-24_report,school,Legacy Academy (Lockesburg),71.4,71.4,2023_2024_EFA_Report_OSCPE.pdf
2023-24_to_2024-25,2023-24,2023-24_report,school,Liberty Christian School (Searcy),92.3,92.3,2023_2024_EFA_Report_OSCPE.pdf
2023-24_to_2024-25,2023-24,2023-24_report,school,Life Way Christian School (Centerton),93.0,93.0,2023_2024_EFA_Report_OSCPE.pdf
2023-24_to_2024-25,2023-24,2023-24_report,school,Little Rock Christian Academy (Little Rock),94.2,92.8,2023_2024_EFA_Report_OSCPE.pdf
2023-24_to_2024-25,2023-24,2023-24_report,school,"Madonna Learning Center (Germantown, Tennessee)",100.0,100.0,2023_2024_EFA_Report_OSCPE.pdf
2023-24_to_2024-25,2023-24,2023-24_report,school,Maranatha Baptist Christian (Eldorado),100.0,100.0,2023_2024_EFA_Report_OSCPE.pdf
2023-24_to_2024-25,2023-24,2023-24_report,school,Mount St. Mary Academy (Little Rock),71.6,69.1,2023_2024_EFA_Report_OSCPE.pdf
2023-24_to_2024-25,2023-24,2023-24_report,school,Mtn. Home Christian Academy (Mountain Home),88.2,88.2,2023_2024_EFA_Report_OSCPE.pdf
2023-24_to_2024-25,2023-24,2023-24_report,school,New Life Christian Academy (North Little Rock),77.5,77.5,2023_2024_EFA_Report_OSCPE.pdf
2023-24_to_2024-25,2023-24,2023-24_report,school,North Little Rock Catholic Academy (North Little Rock),82.2,75.6,2023_2024_EFA_Report_OSCPE.pdf
2023-24_to_2024-25,2023-24,2023-24_report,school,North River Christian Academy (North Little Rock),65.7,65.7,2023_2024_EFA_Report_OSCPE.pdf
2023-24_to_2024-25,2023-24,2023-24_report,school,Our Lady of Fatima Catholic School (Benton),75.0,62.5,2023_2024_EFA_Report_OSCPE.pdf
2023-24_to_2024-25,2023-24,2023-24_report,school,Our Lady of Holy Souls (Little Rock),100.0,93.6,2023_2024_EFA_Report_OSCPE.pdf
2023-24_to_2024-25,2023-24,2023-24_report,school,Ozark Catholic Academy (Springdale),68.8,31.3,2023_2024_EFA_Report_OSCPE.pdf
2023-24_to_2024-25,2023-24,2023-24_report,school,Pinnacle Classical Academy (Little Rock),88.2,88.2,2023_2024_EFA_Report_OSCPE.pdf
2023-24_to_2024-25,2023-24,2023-24_report,school,Prism Education Center (Fayetteville),63.6,63.6,2023_2024_EFA_Report_OSCPE.pdf
2023-24_to_2024-25,2023-24,2023-24_report,school,Providence Classical Christian (Rogers),96.5,91.9,2023_2024_EFA_Report_OSCPE.pdf
2023-24_to_2024-25,2023-24,2023-24_report,school,Pulaski Academy (Little Rock ),84.4,83.9,2023_2024_EFA_Report_OSCPE.pdf
2023-24_to_2024-25,2023-24,2023-24_report,school,Russellville Baptist Academy (Russellville),100.0,100.0,2023_2024_EFA_Report_OSCPE.pdf
2023-24_to_2024-25,2023-24,2023-24_report,school,Sacred Heart Catholic (Morrilton),91.4,90.1,2023_2024_EFA_Report_OSCPE.pdf
2023-24_to_2024-25,2023-24,2023-24_report,school,Sherwood Christian Academy (Sherwood),53.8,53.8,2023_2024_EFA_Report_OSCPE.pdf
2023-24_to_2024-25,2023-24,2023-24_report,school,Shiloh Christian School (Springdale),92.3,92.3,2023_2024_EFA_Report_OSCPE.pdf
2023-24_to_2024-25,2023-24,2023-24_report,school,Shiloh Excel Christian School (Little Rock ),45.5,45.5,2023_2024_EFA_Report_OSCPE.pdf
2023-24_to_2024-25,2023-24,2023-24_report,school,Southwest Christian Academy (Little Rock),79.2,79.2,2023_2024_EFA_Report_OSCPE.pdf
2023-24_to_2024-25,2023-24,2023-24_report,school,St. John'S Catholic School (Russellville),100.0,100.0,2023_2024_EFA_Report_OSCPE.pdf
2023-24_to_2024-25,2023-24,2023-24_report,school,St. John's Catholic School (Hot Springs),77.8,77.8,2023_2024_EFA_Report_OSCPE.pdf
2023-24_to_2024-25,2023-24,2023-24_report,school,St. Joseph Catholic School (Paris),100.0,100.0,2023_2024_EFA_Report_OSCPE.pdf
2023-24_to_2024-25,2023-24,2023-24_report,school,St. Joseph Catholic School (Conway),93.1,90.5,2023_2024_EFA_Report_OSCPE.pdf
2023-24_to_2024-25,2023-24,2023-24_report,school,St. Joseph Catholic School (Fayetteville),85.1,75.2,2023_2024_EFA_Report_OSCPE.pdf
2023-24_to_2024-25,2023-24,2023-24_report,school,St. Michael's Catholic School (West Memphis),100.0,100.0,2023_2024_EFA_Report_OSCPE.pdf
2023-24_to_2024-25,2023-24,2023-24_report,school,St. Paul Catholic School (Pocahontas),82.4,79.4,2023_2024_EFA_Report_OSCPE.pdf
2023-24_to_2024-25,2023-24,2023-24_report,school,St. Theresa Catholic School (Little Rock),100.0,92.5,2023_2024_EFA_Report_OSCPE.pdf
2023-24_to_2024-25,2023-24,2023-24_report,school,St. Vincent De Paul Catholic (Rogers),95.0,92.0,2023_2024_EFA_Report_OSCPE.pdf
2023-24_to_2024-25,2023-24,2023-24_report,school,"Subiaco Academy (Subiaco, Arkansas)",76.9,76.9,2023_2024_EFA_Report_OSCPE.pdf
2023-24_to_2024-25,2023-24,2023-24_report,school,The Academy of The Learning Center (Jonesboro),92.0,92.0,2023_2024_EFA_Report_OSCPE.pdf
2023-24_to_2024-25,2023-24,2023-24_report,school,The Anthony School (Little Rock),100.0,93.5,2023_2024_EFA_Report_OSCPE.pdf
2023-24_to_2024-25,2023-24,2023-24_report,school,The Decker School (Maumelle),100.0,85.7,2023_2024_EFA_Report_OSCPE.pdf
2023-24_to_2024-25,2023-24,2023-24_report,school,The Grace School (Fayetteville),86.7,86.7,2023_2024_EFA_Report_OSCPE.pdf
2023-24_to_2024-25,2023-24,2023-24_report,school,The Hill School (Fayetteville),62.5,62.5,2023_2024_EFA_Report_OSCPE.pdf
2023-24_to_2024-25,2023-24,2023-24_report,school,The Huda Academy (Little Rock),105.3,105.3,2023_2024_EFA_Report_OSCPE.pdf
2023-24_to_2024-25,2023-24,2023-24_report,school,The Lighthouse Homeschool Cooperative (Jonesboro),89.7,84.5,2023_2024_EFA_Report_OSCPE.pdf
2023-24_to_2024-25,2023-24,2023-24_report,school,Trinity Catholic Junior High School (Fort Smith),80.6,75.0,2023_2024_EFA_Report_OSCPE.pdf
2023-24_to_2024-25,2023-24,2023-24_report,school,Trinity Christian School (Texarkana),75.0,75.0,2023_2024_EFA_Report_OSCPE.pdf
2023-24_to_2024-25,2023-24,2023-24_report,school,Union Christian Academy (Fort Smith),84.0,80.9,2023_2024_EFA_Report_OSCPE.pdf
2023-24_to_2024-25,2023-24,2023-24_report,school,Valley Christian Academy (Russellville),78.3,78.3,2023_2024_EFA_Report_OSCPE.pdf
2023-24_to_2024-25,2023-24,2023-24_report,school,Victory Christian School (Camden),85.7,85.7,2023_2024_EFA_Report_OSCPE.pdf
2023-24_to_2024-25,2023-24,2023-24_report,school,West Memphis Christian School (West Memphis),91.8,90.4,2023_2024_EFA_Report_OSCPE.pdf
2023-24_to_2024-25,2023-24,2023-24_report,school,West Side Christian School (El Dorado),85.2,80.7,2023_2024_EFA_Report_OSCPE.pdf
2024-25_to_2025-26,2024-25,2024-25_report,school,Abundant Life Christian Academy,89.0,88.0,2024-25_Arkansas_Education_Freedom_Accounts_Program_Annual_Report_100125_OSCPE.pdf
2024-25_to_2025-26,2024-25,2024-25_report,school,Academy of Excellence,92.0,92.0,2024-25_Arkansas_Education_Freedom_Accounts_Program_Annual_Report_100125_OSCPE.pdf
2024-25_to_2025-26,2024-25,2024-25_report,school,ACCESS Schools,92.0,90.0,2024-25_Arkansas_Education_Freedom_Accounts_Program_Annual_Report_100125_OSCPE.pdf
2024-25_to_2025-26,2024-25,2024-25_report,school,Agape Academy,79.0,58.0,2024-25_Arkansas_Education_Freedom_Accounts_Program_Annual_Report_100125_OSCPE.pdf
2024-25_to_2025-26,2024-25,2024-25_report,school,Ambassador Baptist Academy,85.0,85.0,2024-25_Arkansas_Education_Freedom_Accounts_Program_Annual_Report_100125_OSCPE.pdf
2024-25_to_2025-26,2024-25,2024-25_report,school,ANH Montessori School,95.0,79.0,2024-25_Arkansas_Education_Freedom_Accounts_Program_Annual_Report_100125_OSCPE.pdf
2024-25_to_2025-26,2024-25,2024-25_report,school,Anthem Classical Academy,100.0,94.0,2024-25_Arkansas_Education_Freedom_Accounts_Program_Annual_Report_100125_OSCPE.pdf
2024-25_to_2025-26,2024-25,2024-25_report,school,Apostolic Christian Academy (Magnolia),100.0,100.0,2024-25_Arkansas_Education_Freedom_Accounts_Program_Annual_Report_100125_OSCPE.pdf
2024-25_to_2025-26,2024-25,2024-25_report,school,Arkansas Christian Academy,93.0,92.0,2024-25_Arkansas_Education_Freedom_Accounts_Program_Annual_Report_100125_OSCPE.pdf
2024-25_to_2025-26,2024-25,2024-25_report,school,Arrows Academy,100.0,94.0,2024-25_Arkansas_Education_Freedom_Accounts_Program_Annual_Report_100125_OSCPE.pdf
2024-25_to_2025-26,2024-25,2024-25_report,school,Baptist Prep,93.0,90.0,2024-25_Arkansas_Education_Freedom_Accounts_Program_Annual_Report_100125_OSCPE.pdf
2024-25_to_2025-26,2024-25,2024-25_report,school,Baseline Bilingual Elementary School,50.0,50.0,2024-25_Arkansas_Education_Freedom_Accounts_Program_Annual_Report_100125_OSCPE.pdf
2024-25_to_2025-26,2024-25,2024-25_report,school,Batesville Montessori School,80.0,40.0,2024-25_Arkansas_Education_Freedom_Accounts_Program_Annual_Report_100125_OSCPE.pdf
2024-25_to_2025-26,2024-25,2024-25_report,school,Bentonville Christian Academy,92.0,86.0,2024-25_Arkansas_Education_Freedom_Accounts_Program_Annual_Report_100125_OSCPE.pdf
2024-25_to_2025-26,2024-25,2024-25_report,school,Blessed Sacrament Catholic School,90.0,88.0,2024-25_Arkansas_Education_Freedom_Accounts_Program_Annual_Report_100125_OSCPE.pdf
2024-25_to_2025-26,2024-25,2024-25_report,school,Cabot Christian School,93.0,86.0,2024-25_Arkansas_Education_Freedom_Accounts_Program_Annual_Report_100125_OSCPE.pdf
2024-25_to_2025-26,2024-25,2024-25_report,school,Calvary Academy,97.0,96.0,2024-25_Arkansas_Education_Freedom_Accounts_Program_Annual_Report_100125_OSCPE.pdf
2024-25_to_2025-26,2024-25,2024-25_report,school,Calvary Christian Academy (Berryville),100.0,81.0,2024-25_Arkansas_Education_Freedom_Accounts_Program_Annual_Report_100125_OSCPE.pdf
2024-25_to_2025-26,2024-25,2024-25_report,school,Calvary Christian Academy (Hot Springs),100.0,100.0,2024-25_Arkansas_Education_Freedom_Accounts_Program_Annual_Report_100125_OSCPE.pdf
2024-25_to_2025-26,2024-25,2024-25_report,school,Calvary Christian School,96.0,90.0,2024-25_Arkansas_Education_Freedom_Accounts_Program_Annual_Report_100125_OSCPE.pdf
2024-25_to_2025-26,2024-25,2024-25_report,school,Catholic High School,77.0,76.0,2024-25_Arkansas_Education_Freedom_Accounts_Program_Annual_Report_100125_OSCPE.pdf
2024-25_to_2025-26,2024-25,2024-25_report,school,Central Arkansas Christian (CAC),91.0,90.0,2024-25_Arkansas_Education_Freedom_Accounts_Program_Annual_Report_100125_OSCPE.pdf
2024-25_to_2025-26,2024-25,2024-25_report,school,Central Arkansas Montessori (North Little Rock),84.0,76.0,2024-25_Arkansas_Education_Freedom_Accounts_Program_Annual_Report_100125_OSCPE.pdf
2024-25_to_2025-26,2024-25,2024-25_report,school,Central Christian Academy,75.0,75.0,2024-25_Arkansas_Education_Freedom_Accounts_Program_Annual_Report_100125_OSCPE.pdf
2024-25_to_2025-26,2024-25,2024-25_report,school,Chenal Valley Montessori School,100.0,67.0,2024-25_Arkansas_Education_Freedom_Accounts_Program_Annual_Report_100125_OSCPE.pdf
2024-25_to_2025-26,2024-25,2024-25_report,school,Christ Lutheran (Little Rock),99.0,87.0,2024-25_Arkansas_Education_Freedom_Accounts_Program_Annual_Report_100125_OSCPE.pdf
2024-25_to_2025-26,2024-25,2024-25_report,school,Christ the King Catholic School (Ft. Smith),97.0,88.0,2024-25_Arkansas_Education_Freedom_Accounts_Program_Annual_Report_100125_OSCPE.pdf
2024-25_to_2025-26,2024-25,2024-25_report,school,Christ the King School (Little Rock),100.0,88.0,2024-25_Arkansas_Education_Freedom_Accounts_Program_Annual_Report_100125_OSCPE.pdf
2024-25_to_2025-26,2024-25,2024-25_report,school,Clear Spring School,82.0,82.0,2024-25_Arkansas_Education_Freedom_Accounts_Program_Annual_Report_100125_OSCPE.pdf
2024-25_to_2025-26,2024-25,2024-25_report,school,Clover Community School,93.0,87.0,2024-25_Arkansas_Education_Freedom_Accounts_Program_Annual_Report_100125_OSCPE.pdf
2024-25_to_2025-26,2024-25,2024-25_report,school,Columbia Christian School,96.0,95.0,2024-25_Arkansas_Education_Freedom_Accounts_Program_Annual_Report_100125_OSCPE.pdf
2024-25_to_2025-26,2024-25,2024-25_report,school,Community Christian School,95.0,84.0,2024-25_Arkansas_Education_Freedom_Accounts_Program_Annual_Report_100125_OSCPE.pdf
2024-25_to_2025-26,2024-25,2024-25_report,school,Compass Academy,87.0,80.0,2024-25_Arkansas_Education_Freedom_Accounts_Program_Annual_Report_100125_OSCPE.pdf
2024-25_to_2025-26,2024-25,2024-25_report,school,Conway Christian School,94.0,90.0,2024-25_Arkansas_Education_Freedom_Accounts_Program_Annual_Report_100125_OSCPE.pdf
2024-25_to_2025-26,2024-25,2024-25_report,school,Cornerstone Christian Academy – Tillar,91.0,80.0,2024-25_Arkansas_Education_Freedom_Accounts_Program_Annual_Report_100125_OSCPE.pdf
2024-25_to_2025-26,2024-25,2024-25_report,school,Cornerstone Montessori Christian Academy,92.0,92.0,2024-25_Arkansas_Education_Freedom_Accounts_Program_Annual_Report_100125_OSCPE.pdf
2024-25_to_2025-26,2024-25,2024-25_report,school,Crestline Academy,100.0,83.0,2024-25_Arkansas_Education_Freedom_Accounts_Program_Annual_Report_100125_OSCPE.pdf
2024-25_to_2025-26,2024-25,2024-25_report,school,CrossPointe Preparatory,88.0,74.0,2024-25_Arkansas_Education_Freedom_Accounts_Program_Annual_Report_100125_OSCPE.pdf
2024-25_to_2025-26,2024-25,2024-25_report,school,Easterseals Academy,91.0,88.0,2024-25_Arkansas_Education_Freedom_Accounts_Program_Annual_Report_100125_OSCPE.pdf
2024-25_to_2025-26,2024-25,2024-25_report,school,"Eighty-Twenty Learning for ASD, LLC",96.0,96.0,2024-25_Arkansas_Education_Freedom_Accounts_Program_Annual_Report_100125_OSCPE.pdf
2024-25_to_2025-26,2024-25,2024-25_report,school,Episcopal Collegiate School,92.0,90.0,2024-25_Arkansas_Education_Freedom_Accounts_Program_Annual_Report_100125_OSCPE.pdf
2024-25_to_2025-26,2024-25,2024-25_report,school,Fayetteville Christian School,93.0,91.0,2024-25_Arkansas_Education_Freedom_Accounts_Program_Annual_Report_100125_OSCPE.pdf
2024-25_to_2025-26,2024-25,2024-25_report,school,Fayetteville Nature School,71.0,48.0,2024-25_Arkansas_Education_Freedom_Accounts_Program_Annual_Report_100125_OSCPE.pdf
2024-25_to_2025-26,2024-25,2024-25_report,school,Fe Viva Christian School,90.0,90.0,2024-25_Arkansas_Education_Freedom_Accounts_Program_Annual_Report_100125_OSCPE.pdf
2024-25_to_2025-26,2024-25,2024-25_report,school,First Academy,95.0,85.0,2024-25_Arkansas_Education_Freedom_Accounts_Program_Annual_Report_100125_OSCPE.pdf
2024-25_to_2025-26,2024-25,2024-25_report,school,First Lutheran School (Benton),79.0,74.0,2024-25_Arkansas_Education_Freedom_Accounts_Program_Annual_Report_100125_OSCPE.pdf
2024-25_to_2025-26,2024-25,2024-25_report,school,First Lutheran School (Fort Smith),84.0,79.0,2024-25_Arkansas_Education_Freedom_Accounts_Program_Annual_Report_100125_OSCPE.pdf
2024-25_to_2025-26,2024-25,2024-25_report,school,Fort Smith Montessori School,91.0,79.0,2024-25_Arkansas_Education_Freedom_Accounts_Program_Annual_Report_100125_OSCPE.pdf
2024-25_to_2025-26,2024-25,2024-25_report,school,Friendship Lab School for Dyslexia,57.0,48.0,2024-25_Arkansas_Education_Freedom_Accounts_Program_Annual_Report_100125_OSCPE.pdf
2024-25_to_2025-26,2024-25,2024-25_report,school,FUTURES High School,0.0,0.0,2024-25_Arkansas_Education_Freedom_Accounts_Program_Annual_Report_100125_OSCPE.pdf
2024-25_to_2025-26,2024-25,2024-25_report,school,Garrett Memorial Christian School,90.0,85.0,2024-25_Arkansas_Education_Freedom_Accounts_Program_Annual_Report_100125_OSCPE.pdf
2024-25_to_2025-26,2024-25,2024-25_report,school,Gospel Light Christian School,93.0,93.0,2024-25_Arkansas_Education_Freedom_Accounts_Program_Annual_Report_100125_OSCPE.pdf
2024-25_to_2025-26,2024-25,2024-25_report,school,Grace Christian School,100.0,100.0,2024-25_Arkansas_Education_Freedom_Accounts_Program_Annual_Report_100125_OSCPE.pdf
2024-25_to_2025-26,2024-25,2024-25_report,school,Harding Academy,96.0,95.0,2024-25_Arkansas_Education_Freedom_Accounts_Program_Annual_Report_100125_OSCPE.pdf
2024-25_to_2025-26,2024-25,2024-25_report,school,Harvest Time Academy,90.0,79.0,2024-25_Arkansas_Education_Freedom_Accounts_Program_Annual_Report_100125_OSCPE.pdf
2024-25_to_2025-26,2024-25,2024-25_report,school,Heber Christian School,89.0,89.0,2024-25_Arkansas_Education_Freedom_Accounts_Program_Annual_Report_100125_OSCPE.pdf
2024-25_to_2025-26,2024-25,2024-25_report,school,Holy Rosary Catholic School,96.0,96.0,2024-25_Arkansas_Education_Freedom_Accounts_Program_Annual_Report_100125_OSCPE.pdf
2024-25_to_2025-26,2024-25,2024-25_report,homeschool_aggregate,Homeschool,88.0,76.0,2024-25_Arkansas_Education_Freedom_Accounts_Program_Annual_Report_100125_OSCPE.pdf
2024-25_to_2025-26,2024-25,2024-25_report,school,Immaculate Conception Catholic School,99.0,87.0,2024-25_Arkansas_Education_Freedom_Accounts_Program_Annual_Report_100125_OSCPE.pdf
2024-25_to_2025-26,2024-25,2024-25_report,school,Immaculate Conception School (Fort Smith),96.0,86.0,2024-25_Arkansas_Education_Freedom_Accounts_Program_Annual_Report_100125_OSCPE.pdf
2024-25_to_2025-26,2024-25,2024-25_report,school,Immaculate Heart of Mary School,98.0,92.0,2024-25_Arkansas_Education_Freedom_Accounts_Program_Annual_Report_100125_OSCPE.pdf
2024-25_to_2025-26,2024-25,2024-25_report,school,Jacksonville Christian Academy,83.0,80.0,2024-25_Arkansas_Education_Freedom_Accounts_Program_Annual_Report_100125_OSCPE.pdf
2024-25_to_2025-26,2024-25,2024-25_report,school,Joshua Academy,96.0,92.0,2024-25_Arkansas_Education_Freedom_Accounts_Program_Annual_Report_100125_OSCPE.pdf
2024-25_to_2025-26,2024-25,2024-25_report,school,Leapfrog Montessori Forest School,100.0,84.0,2024-25_Arkansas_Education_Freedom_Accounts_Program_Annual_Report_100125_OSCPE.pdf
2024-25_to_2025-26,2024-25,2024-25_report,school,Legacy Academy,94.0,89.0,2024-25_Arkansas_Education_Freedom_Accounts_Program_Annual_Report_100125_OSCPE.pdf
2024-25_to_2025-26,2024-25,2024-25_report,school,Legacy Christian Academy (Mabelvale),100.0,94.0,2024-25_Arkansas_Education_Freedom_Accounts_Program_Annual_Report_100125_OSCPE.pdf
2024-25_to_2025-26,2024-25,2024-25_report,school,Life Way Christian School,93.0,92.0,2024-25_Arkansas_Education_Freedom_Accounts_Program_Annual_Report_100125_OSCPE.pdf
2024-25_to_2025-26,2024-25,2024-25_report,school,Little Rock Christian Academy,94.0,94.0,2024-25_Arkansas_Education_Freedom_Accounts_Program_Annual_Report_100125_OSCPE.pdf
2024-25_to_2025-26,2024-25,2024-25_report,school,Madonna Learning Center,100.0,100.0,2024-25_Arkansas_Education_Freedom_Accounts_Program_Annual_Report_100125_OSCPE.pdf
2024-25_to_2025-26,2024-25,2024-25_report,school,Maranatha Baptist Christian School,86.0,86.0,2024-25_Arkansas_Education_Freedom_Accounts_Program_Annual_Report_100125_OSCPE.pdf
2024-25_to_2025-26,2024-25,2024-25_report,school,Mount St. Mary Academy,78.0,77.0,2024-25_Arkansas_Education_Freedom_Accounts_Program_Annual_Report_100125_OSCPE.pdf
2024-25_to_2025-26,2024-25,2024-25_report,school,Mountain Home Christian Academy,91.0,91.0,2024-25_Arkansas_Education_Freedom_Accounts_Program_Annual_Report_100125_OSCPE.pdf
2024-25_to_2025-26,2024-25,2024-25_report,school,New Life Christian Academy,93.0,93.0,2024-25_Arkansas_Education_Freedom_Accounts_Program_Annual_Report_100125_OSCPE.pdf
2024-25_to_2025-26,2024-25,2024-25_report,school,North Little Rock Catholic Academy,93.0,81.0,2024-25_Arkansas_Education_Freedom_Accounts_Program_Annual_Report_100125_OSCPE.pdf
2024-25_to_2025-26,2024-25,2024-25_report,school,North River Christian Academy,83.0,82.0,2024-25_Arkansas_Education_Freedom_Accounts_Program_Annual_Report_100125_OSCPE.pdf
2024-25_to_2025-26,2024-25,2024-25_report,school,Oaks Christian Academy,86.0,83.0,2024-25_Arkansas_Education_Freedom_Accounts_Program_Annual_Report_100125_OSCPE.pdf
2024-25_to_2025-26,2024-25,2024-25_report,school,Our Lady of Fatima School,100.0,94.0,2024-25_Arkansas_Education_Freedom_Accounts_Program_Annual_Report_100125_OSCPE.pdf
2024-25_to_2025-26,2024-25,2024-25_report,school,Our Lady of the Holy Souls,98.0,90.0,2024-25_Arkansas_Education_Freedom_Accounts_Program_Annual_Report_100125_OSCPE.pdf
2024-25_to_2025-26,2024-25,2024-25_report,school,Ozark Catholic Academy,85.0,85.0,2024-25_Arkansas_Education_Freedom_Accounts_Program_Annual_Report_100125_OSCPE.pdf
2024-25_to_2025-26,2024-25,2024-25_report,school,Pinnacle Classical Academy,98.0,95.0,2024-25_Arkansas_Education_Freedom_Accounts_Program_Annual_Report_100125_OSCPE.pdf
2024-25_to_2025-26,2024-25,2024-25_report,school,PLUM St. Howard's Academy,75.0,75.0,2024-25_Arkansas_Education_Freedom_Accounts_Program_Annual_Report_100125_OSCPE.pdf
2024-25_to_2025-26,2024-25,2024-25_report,school,Prism North America,90.0,86.0,2024-25_Arkansas_Education_Freedom_Accounts_Program_Annual_Report_100125_OSCPE.pdf
2024-25_to_2025-26,2024-25,2024-25_report,school,Providence Classical Christian Academy,96.0,91.0,2024-25_Arkansas_Education_Freedom_Accounts_Program_Annual_Report_100125_OSCPE.pdf
2024-25_to_2025-26,2024-25,2024-25_report,school,Pulaski Academy,91.0,90.0,2024-25_Arkansas_Education_Freedom_Accounts_Program_Annual_Report_100125_OSCPE.pdf
2024-25_to_2025-26,2024-25,2024-25_report,school,Ridgefield Christian School (Jonesboro),90.0,89.0,2024-25_Arkansas_Education_Freedom_Accounts_Program_Annual_Report_100125_OSCPE.pdf
2024-25_to_2025-26,2024-25,2024-25_report,school,Room to Bloom,67.0,67.0,2024-25_Arkansas_Education_Freedom_Accounts_Program_Annual_Report_100125_OSCPE.pdf
2024-25_to_2025-26,2024-25,2024-25_report,school,Russellville Baptist Academy,100.0,98.0,2024-25_Arkansas_Education_Freedom_Accounts_Program_Annual_Report_100125_OSCPE.pdf
2024-25_to_2025-26,2024-25,2024-25_report,school,Sacred Heart School,96.0,96.0,2024-25_Arkansas_Education_Freedom_Accounts_Program_Annual_Report_100125_OSCPE.pdf
2024-25_to_2025-26,2024-25,2024-25_report,school,Saline County Christian School,100.0,70.0,2024-25_Arkansas_Education_Freedom_Accounts_Program_Annual_Report_100125_OSCPE.pdf
2024-25_to_2025-26,2024-25,2024-25_report,school,Searcy Christian Academy,97.0,87.0,2024-25_Arkansas_Education_Freedom_Accounts_Program_Annual_Report_100125_OSCPE.pdf
2024-25_to_2025-26,2024-25,2024-25_report,school,Sherwood Christian Academy,94.0,81.0,2024-25_Arkansas_Education_Freedom_Accounts_Program_Annual_Report_100125_OSCPE.pdf
2024-25_to_2025-26,2024-25,2024-25_report,school,Shiloh Christian School,95.0,94.0,2024-25_Arkansas_Education_Freedom_Accounts_Program_Annual_Report_100125_OSCPE.pdf
2024-25_to_2025-26,2024-25,2024-25_report,school,Shiloh Excel Christian School,71.0,71.0,2024-25_Arkansas_Education_Freedom_Accounts_Program_Annual_Report_100125_OSCPE.pdf
2024-25_to_2025-26,2024-25,2024-25_report,school,South Arkansas Christian School,90.0,90.0,2024-25_Arkansas_Education_Freedom_Accounts_Program_Annual_Report_100125_OSCPE.pdf
2024-25_to_2025-26,2024-25,2024-25_report,school,Southwest Christian Academy,84.0,81.0,2024-25_Arkansas_Education_Freedom_Accounts_Program_Annual_Report_100125_OSCPE.pdf
2024-25_to_2025-26,2024-25,2024-25_report,school,St. John Catholic School (Russellville),95.0,87.0,2024-25_Arkansas_Education_Freedom_Accounts_Program_Annual_Report_100125_OSCPE.pdf
2024-25_to_2025-26,2024-25,2024-25_report,school,St. John's Catholic School (Hot Springs),87.0,82.0,2024-25_Arkansas_Education_Freedom_Accounts_Program_Annual_Report_100125_OSCPE.pdf
2024-25_to_2025-26,2024-25,2024-25_report,school,St. Joseph Catholic School (Conway),95.0,93.0,2024-25_Arkansas_Education_Freedom_Accounts_Program_Annual_Report_100125_OSCPE.pdf
2024-25_to_2025-26,2024-25,2024-25_report,school,St. Joseph Catholic School (Fayetteville),96.0,92.0,2024-25_Arkansas_Education_Freedom_Accounts_Program_Annual_Report_100125_OSCPE.pdf
2024-25_to_2025-26,2024-25,2024-25_report,school,St. Joseph School (Paris),83.0,71.0,2024-25_Arkansas_Education_Freedom_Accounts_Program_Annual_Report_100125_OSCPE.pdf
2024-25_to_2025-26,2024-25,2024-25_report,school,St. Mary School,44.0,44.0,2024-25_Arkansas_Education_Freedom_Accounts_Program_Annual_Report_100125_OSCPE.pdf
2024-25_to_2025-26,2024-25,2024-25_report,school,St. Michael's Catholic School,100.0,100.0,2024-25_Arkansas_Education_Freedom_Accounts_Program_Annual_Report_100125_OSCPE.pdf
2024-25_to_2025-26,2024-25,2024-25_report,school,St. Paul Catholic School,93.0,93.0,2024-25_Arkansas_Education_Freedom_Accounts_Program_Annual_Report_100125_OSCPE.pdf
2024-25_to_2025-26,2024-25,2024-25_report,school,St. Theresa Catholic School,99.0,95.0,2024-25_Arkansas_Education_Freedom_Accounts_Program_Annual_Report_100125_OSCPE.pdf
2024-25_to_2025-26,2024-25,2024-25_report,school,St. Vincent de Paul Catholic School,96.0,93.0,2024-25_Arkansas_Education_Freedom_Accounts_Program_Annual_Report_100125_OSCPE.pdf
2024-25_to_2025-26,2024-25,2024-25_report,school,Subiaco Academy,75.0,75.0,2024-25_Arkansas_Education_Freedom_Accounts_Program_Annual_Report_100125_OSCPE.pdf
2024-25_to_2025-26,2024-25,2024-25_report,school,Thaden School,85.0,82.0,2024-25_Arkansas_Education_Freedom_Accounts_Program_Annual_Report_100125_OSCPE.pdf
2024-25_to_2025-26,2024-25,2024-25_report,school,The Academy of TLC,87.0,87.0,2024-25_Arkansas_Education_Freedom_Accounts_Program_Annual_Report_100125_OSCPE.pdf
2024-25_to_2025-26,2024-25,2024-25_report,school,The Anthony School,93.0,82.0,2024-25_Arkansas_Education_Freedom_Accounts_Program_Annual_Report_100125_OSCPE.pdf
2024-25_to_2025-26,2024-25,2024-25_report,school,The Decker School,100.0,82.0,2024-25_Arkansas_Education_Freedom_Accounts_Program_Annual_Report_100125_OSCPE.pdf
2024-25_to_2025-26,2024-25,2024-25_report,school,The Delta Institute for the Developing Brain,91.0,84.0,2024-25_Arkansas_Education_Freedom_Accounts_Program_Annual_Report_100125_OSCPE.pdf
2024-25_to_2025-26,2024-25,2024-25_report,school,The Divine Learning Academy,100.0,94.0,2024-25_Arkansas_Education_Freedom_Accounts_Program_Annual_Report_100125_OSCPE.pdf
2024-25_to_2025-26,2024-25,2024-25_report,school,The Grace School,93.0,87.0,2024-25_Arkansas_Education_Freedom_Accounts_Program_Annual_Report_100125_OSCPE.pdf
2024-25_to_2025-26,2024-25,2024-25_report,school,The Hill School,81.0,74.0,2024-25_Arkansas_Education_Freedom_Accounts_Program_Annual_Report_100125_OSCPE.pdf
2024-25_to_2025-26,2024-25,2024-25_report,school,The Huda Academy,97.0,97.0,2024-25_Arkansas_Education_Freedom_Accounts_Program_Annual_Report_100125_OSCPE.pdf
2024-25_to_2025-26,2024-25,2024-25_report,school,The New School,90.0,85.0,2024-25_Arkansas_Education_Freedom_Accounts_Program_Annual_Report_100125_OSCPE.pdf
2024-25_to_2025-26,2024-25,2024-25_report,school,Trinity Catholic School,76.0,75.0,2024-25_Arkansas_Education_Freedom_Accounts_Program_Annual_Report_100125_OSCPE.pdf
2024-25_to_2025-26,2024-25,2024-25_report,school,Trinity Christian School (Bradford),83.0,83.0,2024-25_Arkansas_Education_Freedom_Accounts_Program_Annual_Report_100125_OSCPE.pdf
2024-25_to_2025-26,2024-25,2024-25_report,school,Trinity Christian School (Texarkana),92.0,65.0,2024-25_Arkansas_Education_Freedom_Accounts_Program_Annual_Report_100125_OSCPE.pdf
2024-25_to_2025-26,2024-25,2024-25_report,school,Union Christian Academy,98.0,96.0,2024-25_Arkansas_Education_Freedom_Accounts_Program_Annual_Report_100125_OSCPE.pdf
2024-25_to_2025-26,2024-25,2024-25_report,school,Valley Christian School,96.0,96.0,2024-25_Arkansas_Education_Freedom_Accounts_Program_Annual_Report_100125_OSCPE.pdf
2024-25_to_2025-26,2024-25,2024-25_report,school,Victory Christian School (Camden),93.0,89.0,2024-25_Arkansas_Education_Freedom_Accounts_Program_Annual_Report_100125_OSCPE.pdf
2024-25_to_2025-26,2024-25,2024-25_report,school,Walnut Farm Montessori School,69.0,69.0,2024-25_Arkansas_Education_Freedom_Accounts_Program_Annual_Report_100125_OSCPE.pdf
2024-25_to_2025-26,2024-25,2024-25_report,school,West Memphis Christian School,96.0,89.0,2024-25_Arkansas_Education_Freedom_Accounts_Program_Annual_Report_100125_OSCPE.pdf
2024-25_to_2025-26,2024-25,2024-25_report,school,West Side Christian School,92.0,89.0,2024-25_Arkansas_Education_Freedom_Accounts_Program_Annual_Report_100125_OSCPE.pdf
2024-25_to_2025-26,2024-25,2024-25_report,school,Wisdom and Truth Classical Academy,75.0,75.0,2024-25_Arkansas_Education_Freedom_Accounts_Program_Annual_Report_100125_OSCPE.pdf
2024-25_to_2025-26,2024-25,2024-25_report,school,World Harvest Baptist Academy (Russellville),100.0,100.0,2024-25_Arkansas_Education_Freedom_Accounts_Program_Annual_Report_100125_OSCPE.pdf
